Site Name,Brand,Site #,Store ID,Status,Address,City,Province,Country,Postal Code,Phone,Fax,Email,Highway,Exit,Store Hours,Fuel Hours,Diesel,Dyed Diesel,DEF at Pump,Gasoline 87,Gasoline 89,Gasoline 91,Gasoline 94,Truck Parking,Bobtail Parking,Car Parking,Washrooms,Showers,Laundry,CAT Scale,Free Wi-Fi,Light Mechanical,Staffing,Restaurants,Latitude,Longitude
BVD ACHESON,BVD,53801,1046,Open,11429 266 ST,ACHESON,Alberta,Canada,T7X 6H2,(780) 924-1601,,,,,Open 24 hours,Open 24 hours,Yes,Yes,Yes,Yes,Yes,Yes,,110,,Yes,Yes,Yes,Yes,,,,Staffed,,53.56345,-113.76572
BVD Calgary,BVD,53035,1051,Open,2515 50th Avenue SE,Calgary,Alberta,Canada,T2B 3R8,(403) 236-2515,,,,,Open 24 hours,Open 24 hours,Yes,,Yes,Yes,Yes,Yes,,,,,Yes,Yes,Yes,Yes,,,Staffed,,51.00809,-114.00002
BVD CALGARY - 106 AVE,BVD,53804,1049,Open,5225 106 AVE SE,CALGARY,Alberta,Canada,T2C 5E9,(403) 794-5703,,,,,Monday 5:00 AM to 10:00 PM; Tuesday 5:00 AM to 10:00 PM; Wednesday 5:00 AM to 10:00 PM; Thursday 5:00 AM to 10:00 PM; Friday 5:00 AM to 10:00 PM; Saturday 5:00 AM to 9:00 PM; Sunday 5:00 AM to 9:00 PM,Open 24 hours,Yes,Yes,Yes,Yes,Yes,Yes,,10,,14,Yes,,,,,,Staffed,,50.95743,-113.95979
BVD CALGARY - 32nd AVE,BVD,53805,1050,Open,2525 32 AVE NE,CALGARY,Alberta,Canada,T1Y 6B7,(403) 794-5702,,,,,Open 24 hours,Open 24 hours,Yes,,Yes,Yes,Yes,Yes,,80,,Yes,Yes,Yes,,Yes,,,Staffed,,51.08111,-114
BVD Calgary - 52nd Street,BVD,53807,2050,Open,6811 52nd Street SE,Calgary,Alberta,Canada,T2C 4J5,,,,,,Open 24 hours,Open 24 hours,Yes,Yes,Yes,Yes,,,,,,,,,,,,,Unstaffed,,50.99313,-113.95928
BVD CALGARY - 7 AVE,BVD,53806,1052,Open,2504 7 AVE NE,CALGARY,Alberta,Canada,T2A 2L7,(403) 794-5704,,,,,Monday 6:00 AM to 10:00 PM; Tuesday 6:00 AM to 10:00 PM; Wednesday 6:00 AM to 10:00 PM; Thursday 6:00 AM to 10:00 PM; Friday 6:00 AM to 10:00 PM; Saturday 6:00 AM to 10:00 PM; Sunday 6:00 AM to 10:00 PM,Open 24 hours,Yes,Yes,,Yes,Yes,Yes,,10,,8,Yes,,,,,,Staffed,,51.05889,-114.00056
BVD CLAIRMONT,BVD,53822,2037,Open,7201 99 ST,CLAIRMONT,Alberta,Canada,T0H 0W0,,,,,,Open 24 hours,Open 24 hours,Yes,,,Yes,Yes,Yes,,45,,15,Yes,Yes,Yes,,,,Staffed,,55.23317,-118.79259
BVD DEAD MAN'S FLATS,BVD,53808,1054,Open,200 1 AVE,DEAD MAN'S FLATS,Alberta,Canada,T1W 0K5,(403) 794-5705,,,,,Monday 6:00 AM to 11:00 PM; Tuesday 6:00 AM to 11:00 PM; Wednesday 6:00 AM to 11:00 PM; Thursday 6:00 AM to 11:00 PM; Friday 6:00 AM to 11:00 PM; Saturday 6:00 AM to 11:00 PM; Sunday 6:00 AM to 11:00 PM,Open 24 hours,Yes,,,Yes,Yes,Yes,,,,Yes,Yes,,,,,,Staffed,,51.03954,-115.26338
BVD EDMONTON - 114 AVE,BVD,53809,1045,Open,16002 114 AVE NW,EDMONTON,Alberta,Canada,T5M 2Z5,(780) 924-1603,,,,,Open 24 hours,Open 24 hours,Yes,,,Yes,Yes,Yes,,,,Yes,Yes,,,,,,Staffed,,53.5637,-113.5975
BVD FORT MCMURRAY,BVD,53824,2023,Temporarily closed,160 MACKAY CRESCENT,FORT MCMURRAY,Alberta,Canada,T9H 4W8,,,,,,Open 24 hours,Open 24 hours,Yes,Yes,,Yes,,,,,,9,,,,,,,Unstaffed,,56.66628,-111.32714
BVD GRASSLAND,BVD,53810,1041,Open,5004 50 ST,GRASSLAND,Alberta,Canada,T0A 1V0,(780) 924-1612,,,,,Open 24 hours,Open 24 hours,Yes,Yes,Yes,Yes,Yes,Yes,,40,,Yes,Yes,Yes,,,,,Staffed,,54.82059,-112.6854
BVD HINTON - GREGG AVE,BVD,53811,1056,Open,511 GREGG AVE,HINTON,Alberta,Canada,T7V 1N1,(780) 924-1605,,,,,Open 24 hours,Open 24 hours,Yes,,Yes,Yes,Yes,Yes,,30,,Yes,Yes,Yes,,,,,Staffed,,53.39444,-117.60222
BVD HINTON - SMITH ST,BVD,53827,2035,Open,438 SMITH ST,HINTON,Alberta,Canada,T7V 2A1,,,,,,Open 24 hours,Open 24 hours,Yes,Yes,,Yes,Yes,Yes,Yes,28,,Yes,Yes,Yes,,,,,Staffed,Ranchers Sports Bar & Grill,53.408272,-117.554113
BVD LETHBRIDGE,BVD,53813,1042,Open,3951 2 Ave N,LETHBRIDGE,Alberta,Canada,T1H 0C8,(416) 848-4111,,,,,Open 24 hours,Open 24 hours,Yes,Yes,,Yes,,,,,,,,,,,,,Unstaffed,,49.70224,-112.78387
BVD LLOYDMINSTER,BVD,53814,1038,Open,5721 44 ST,LLOYDMINSTER,Alberta,Canada,T9V 0B3,(780) 924-1606; (780) 872-7089,,,,,Open 24 hours,Open 24 hours,Yes,,Yes,Yes,Yes,Yes,,70,,Yes,Yes,Yes,,,,,Staffed,,53.27722,-110.02806
BVD Lloydminster - 52nd Street,BVD,53829,2046,Coming soon,5310 52nd Street,Lloydminster,Alberta,Canada,T9V 3B5,,,,,,Open 24 hours,Open 24 hours,Yes,Yes,Yes,Yes,,,,,,13,,,,,,,Unstaffed,,53.28635,-110.01221
BVD MEDICINE HAT,BVD,53815,1039,Open,561 15 ST SW,MEDICINE HAT,Alberta,Canada,T1A 4W2,(403) 794-5700,,,,,Open 24 hours,Open 24 hours,Yes,,,Yes,Yes,Yes,,,,Yes,Yes,Yes,,,,,Staffed,,50.02487,-110.69963
BVD Nisku,BVD,,1044,Coming soon,Sparrow Rd,Nisku,Alberta,Canada,T9E 8H9,,,,,,Open 24 hours,Open 24 hours,Yes,,Yes,Yes,Yes,Yes,,,,,Yes,Yes,,,,,Staffed,,53.313248,-113.539999
BVD OKOTOKS,BVD,53831,2030,Coming soon,48223 338 AVE E,OKOTOKS,Alberta,Canada,T1S 1A8,,,,,,Open 24 hours,Open 24 hours,Yes,Yes,Yes,,,,,,,,,,,,,,Unstaffed,,50.74479,-113.90743
BVD RED DEER,BVD,53816,1047,Coming soon,"Lot-6, 75th Avenue",Red Deer,Alberta,Canada,T4P 0R4,,,,,,Open 24 hours,Open 24 hours,Yes,,Yes,Yes,Yes,Yes,,,,,Yes,Yes,,,,,Staffed,,52.31446,-113.87469
BVD Red Deer - 8120 Edgar,BVD,53833,2051,Open,8120 Edgar Industrial Drive,Red Deer,Alberta,Canada,T4P 3R2,,,,,,Monday 8:00 AM to 5:00 PM; Tuesday 8:00 AM to 5:00 PM; Wednesday 8:00 AM to 5:00 PM; Thursday 8:00 AM to 5:00 PM; Friday 8:00 AM to 5:00 PM; Saturday Closed; Sunday Closed,Open 24 hours,Yes,Yes,Yes,Yes,,Yes,,,,,,,,,,,Unstaffed,,52.31666,-113.83837
BVD REDCLIFF,BVD,53817,1040,Coming soon,1900 South Highway Dr SE #1,Redcliff,Alberta,Canada,T0J 2P0,(416) 848-4111,,,,,Open 24 hours,Open 24 hours,Yes,,Yes,Yes,Yes,Yes,,,,,Yes,Yes,,,,,Staffed,,50.06998,-110.75628
BVD ROCKY RAPIDS,BVD,53818,1053,Open,5201 62 ST,ROCKY RAPIDS,Alberta,Canada,T7A 1S1,(416) 848-4111,,,,,Open 24 hours,Open 24 hours,Yes,Yes,,Yes,,,,,,,,,,,,,Unstaffed,,53.22442,-114.99971
BVD ROCKY VIEW COUNTY,BVD,53819,1048,Open,234040 WRANGLER RD,ROCKY VIEW COUNTY,Alberta,Canada,T1X 0K2,(416) 848-4111,,,,,Open 24 hours,Open 24 hours,Yes,Yes,,Yes,,,,,,,,,,,,,Unstaffed,,50.98228,-113.9067
BVD STRATHMORE,BVD,53820,1043,Open,436 RIDGE RD,STRATHMORE,Alberta,Canada,T1P 1M6,(403) 794-5679,,,,,Open 24 hours,Open 24 hours,Yes,,Yes,Yes,Yes,Yes,,15,,Yes,Yes,Yes,,,,,Staffed,,51.0384,-113.3995
BVD Vermilion,BVD,53836,2047,Coming soon,4403 52nd Street,Vermilion,Alberta,Canada,T9X 1J8,,,,,,Open 24 hours,Open 24 hours,Yes,Yes,,Yes,,,,,,,,,,,,,Unstaffed,,53.34712,-110.85931
BVD VIKING,BVD,53838,2024,Open,5128 54 ST,VIKING,Alberta,Canada,T0B 4N0,,,,,,Monday 6:00 AM to 10:00 PM; Tuesday 6:00 AM to 10:00 PM; Wednesday 6:00 AM to 10:00 PM; Thursday 6:00 AM to 10:00 PM; Friday 6:00 AM to 10:00 PM; Saturday 6:00 AM to 10:00 PM; Sunday 6:00 AM to 10:00 PM,Open 24 hours,Yes,,,Yes,Yes,Yes,,,,,Yes,,,,,,Staffed,,53.09534,-111.785622
BVD WHITECOURT,BVD,53840,2033,Open,CORNER OF HWY 43 & 32N,WHITECOURT,Alberta,Canada,T7S 1N3,,,,,,Monday 7:00 AM to 11:00 PM; Tuesday 7:00 AM to 11:00 PM; Wednesday 7:00 AM to 11:00 PM; Thursday 7:00 AM to 11:00 PM; Friday 7:00 AM to 11:00 PM; Saturday 7:00 AM to 11:00 PM; Sunday 7:00 AM to 11:00 PM,Open 24 hours,Yes,,,Yes,Yes,Yes,,30,,46,Yes,Yes,,,,,Staffed,,54.19166667,-115.79
BVD BLUE RIVER,BVD,54648,1058,Open,778 BC-5,BLUE RIVER,British Columbia,Canada,V0E 1J0,(250) 420-3253,,,,,Open 24 hours,Open 24 hours,Yes,Yes,,Yes,Yes,Yes,,25,,Yes,Yes,Yes,,,,,Staffed,,52.10361,-119.31028
BVD CACHE CREEK,BVD,54649,1062,Open,959 S TRANS-CANADA HWY,CACHE CREEK,British Columbia,Canada,V0K 1H0,(250) 420-3254,,,,,Open 24 hours,Open 24 hours,Yes,Yes,,Yes,Yes,Yes,,35,,24,Yes,Yes,,,,,Staffed,,50.80583,-121.32472
BVD CHILLIWACK,BVD,54650,1064,Open,7620A VEDDER RD,CHILLIWACK,British Columbia,Canada,V2R 4E8,(604) 295-6894,,,,,Open 24 hours,Open 24 hours,Yes,Yes,Yes,Yes,Yes,Yes,,55,12,35,Yes,Yes,,,,,Staffed,,49.14082,-121.95884
BVD GOLDEN,BVD,54652,1055,Open,1050 TRANS-CANADA HWY,GOLDEN,British Columbia,Canada,V0A 1H1,(250) 420-3255,,,,,Open 24 hours,Open 24 hours,Yes,Yes,,Yes,Yes,Yes,,15,,Yes,Yes,Yes,,,,,Staffed,,51.31189,-116.97041
BVD HOPE - FLOOD RD,BVD,54653,1063,Open,61850 FLOOD-HOPE RD,HOPE,British Columbia,Canada,V0X 1L2,(416) 848-4111,,,,,Open 24 hours,Open 24 hours,Yes,,Yes,Yes,,,,,,,,,,,,,Unstaffed,,49.3652,-121.51701
BVD HOPE - KLASSEN RD,BVD,54659,2040,Open,19700 KLASSEN RD,HOPE,British Columbia,Canada,V0X 1L2,,,,,,Open 24 hours,Open 24 hours,Yes,Yes,Yes,Yes,Yes,Yes,,62,,63,Yes,Yes,Yes,,,,Staffed,Ricky's All Day Grill,49.36367,-121.47914
BVD Kamloops,BVD,54055,1059,Open,175 Kokanee Way,Kamloops,British Columbia,Canada,V2C 6Z2,(416) 848-4111,,,,,Open 24 hours,Open 24 hours,Yes,,Yes,Yes,Yes,Yes,,,,,Yes,Yes,Yes,Yes,,,Staffed,,50.66125,-120.12112
BVD KAMLOOPS - PAUL LAKE,BVD,54661,1061,Temporarily closed,401 PAUL LAKE RD,KAMLOOPS,British Columbia,Canada,V2H 1J8,(416) 848-4111,,,,,Open 24 hours,Open 24 hours,Yes,Yes,Yes,Yes,Yes,Yes,,15,,Yes,Yes,Yes,Yes,,,,Staffed,,50.7092,-120.328
BVD MCBRIDE,BVD,54654,1060,Open,1006 N E FRONTAGE RD,MCBRIDE,British Columbia,Canada,V0J 2E0,(250) 420-3257,,,,,Monday 5:00 AM to 11:59 PM; Tuesday 5:00 AM to 11:59 PM; Wednesday 5:00 AM to 11:59 PM; Thursday 5:00 AM to 11:59 PM; Friday 5:00 AM to 11:59 PM; Saturday 5:00 AM to 11:59 PM; Sunday 5:00 AM to 11:59 PM,Open 24 hours,Yes,Yes,,Yes,Yes,Yes,,,,,Yes,,,,,,Staffed,,53.30417,-120.15917
BVD PRINCE GEORGE - FOREMAN RD,BVD,54662,2042,Open,718 FOREMAN RD,PRINCE GEORGE,British Columbia,Canada,V2K 5C5,,,,,,Open 24 hours,Open 24 hours,Yes,Yes,,Yes,Yes,Yes,,35,,,Yes,Yes,,,,,Staffed,,53.921121,-122.648545
BVD PRINCE GEORGE - HART HWY,BVD,54664,2045,Open,8087 JOHN HART HWY,PRINCE GEORGE,British Columbia,Canada,V2K 3B8,,,,,,Open 24 hours,Open 24 hours,Yes,Yes,,Yes,Yes,Yes,,,,5,Yes,Yes,,,,,Staffed,Quiznos,54.00481,-122.80207
BVD PRINCE GEORGE - NORANDA,BVD,54655,1066,Open,2180 NORANDA RD E,PRINCE GEORGE,British Columbia,Canada,V2K 1R1,(416) 848-4111,,,,,Open 24 hours,Open 24 hours,Yes,Yes,,Yes,,,,,,,,,,,,,Unstaffed,,53.96584,-122.76568
BVD PRINCE GEORGE - PACIFIC,BVD,54656,1065,Open,1148 PACIFIC ST,PRINCE GEORGE,British Columbia,Canada,V2N 5S3,(778) 946-5026,,,,,Open 24 hours,Open 24 hours,Yes,,Yes,Yes,Yes,Yes,,30,,38,Yes,Yes,Yes,,,,Staffed,,53.8722,-122.7365
BVD SICAMOUS,BVD,54657,1057,Open,1340 TRANS-CANADA HWY,SICAMOUS,British Columbia,Canada,V0E 2V0,(250) 420-3260,,,,,Open 24 hours,Open 24 hours,Yes,Yes,Yes,Yes,Yes,Yes,,60,,Yes,Yes,Yes,,,,,Staffed,,50.84594,-118.95529
BVD TERRACE,BVD,54658,1067,Open,3097 Hwy 16 E,TERRACE,British Columbia,Canada,V8G 3R2,(416) 848-4111,,,,,Open 24 hours,Open 24 hours,Yes,Yes,,,,,,,,,,,,,,,Unstaffed,,54.51402,-128.54255
BVD BRANDON,BVD,55322,1032,Open,1990 18TH ST N,BRANDON,Manitoba,Canada,R7C 1A3,(204) 259-2669,,,,,Open 24 hours,Open 24 hours,Yes,,Yes,Yes,Yes,Yes,,52,,Yes,Yes,Yes,,,,,Staffed,,49.88639,-99.96333
BVD HEADINGLEY,BVD,55323,1031,Open,5141 PORTAGE AVE,HEADINGLEY,Manitoba,Canada,R4H 1E1,(204) 259-2668,,,,,Open 24 hours,Open 24 hours,Yes,,Yes,Yes,Yes,Yes,,88,,Yes,Yes,Yes,,Yes,,,Staffed,,49.8761,-97.391
BVD MORRIS,BVD,55326,2019,Open,2 STAMPEDE DR,MORRIS,Manitoba,Canada,R0G 1K0,,,,,,Open 24 hours,Open 24 hours,Yes,,,Yes,Yes,Yes,,30,,35,Yes,,,,,,Staffed,Morris Country Café,49.343,-97.3675
BVD OAK BLUFF,BVD,55327,2018,Open,34A PROVINCIAL TRUNK HWY 3 E,OAK BLUFF,Manitoba,Canada,R4G 0B2,,,,,,Open 24 hours,Open 24 hours,Yes,,,Yes,Yes,Yes,,10,,23,Yes,Yes,Yes,,,,Staffed,Tim Hortons,49.773989,-97.320674
BVD Winnipeg,BVD,55012,1029,Open,425 Oak Point Hwy,Winnipeg,Manitoba,Canada,R2R 1T9,(416) 848-4111,,,,,Open 24 hours,Open 24 hours,Yes,,Yes,Yes,Yes,Yes,,,,,Yes,Yes,Yes,Yes,,,Staffed,,49.93783,-97.22395
BVD Winnipeg - 110 Panet,BVD,55329,2049,Coming soon,110 Panet Road,Winnipeg,Manitoba,Canada,R2J 0G7,,,,,,Open 24 hours,Open 24 hours,Yes,,Yes,Yes,,,,,,10,,,,,,,Unstaffed,,49.88546,-97.07992
BVD WINNIPEG - BROOKSIDE,BVD,55324,1030,Open,1991 BROOKSIDE BLVD,WINNIPEG,Manitoba,Canada,R3C 2G1,(416) 848-4111,,,,,Open 24 hours,Open 24 hours,Yes,,,,,,,,,,,,,,,,Unstaffed,,49.95214,-97.22823
BVD WINNIPEG - LOWSON,BVD,55325,1028,Open,31 LOWSON CRES,WINNIPEG,Manitoba,Canada,R3P 0T3,(416) 848-4111,,,,,Open 24 hours,Open 24 hours,Yes,,,Yes,,,,12,,14,,,,,,,Unstaffed,,49.84019,-97.20692
BVD GRAND FALLS,BVD,61072,1002,Coming soon,Rue Belanger,Grand falls,New Brunswick,Canada,E3Z 0C2,,,,,,Open 24 hours,Open 24 hours,Yes,,Yes,Yes,Yes,Yes,Yes,,,,Yes,Yes,,,,,Staffed,,47.03922,-67.76523
BVD Meductic,BVD,61062,1001,Open,224 Rte 122 Johnson Settlement,Meductic,New Brunswick,Canada,E6H 1B6,(416) 848-4111,,,,,Open 24 hours,Open 24 hours,Yes,,Yes,Yes,Yes,Yes,,,,,Yes,Yes,Yes,,,,Staffed,,45.97527,-67.4714
BVD BOLTON,BVD,58776,1013,Coming soon,7491 Nashville Rd,Nashville,Ontario,Canada,L0J 1C0,(416) 848-4111,,,,,Open 24 hours,Open 24 hours,Yes,,Yes,Yes,Yes,Yes,,,,,Yes,Yes,Yes,Yes,,,Staffed,,43.83633,-79.68805
BVD BRADFORD,BVD,58777,1010,Open,3479 HWY 88 #1,BRADFORD,Ontario,Canada,L3Z 2B2,(905) 286-8329,,,,,Open 24 hours,Open 24 hours,Yes,Yes,Yes,Yes,Yes,Yes,,16,,Yes,Yes,Yes,,,,,Staffed,,44.09861,-79.62722
BVD Brampton,BVD,58055,1014,Open,130 Delta Park Blvd,Brampton,Ontario,Canada,L6T 5E7,(905) 792-8828 (Store); 416-848-4111 (customer support),,,,,Open 24 hours,Open 24 hours,Yes,Yes,Yes,,,,,,,,Yes,Yes,,Yes,,,Staffed,,43.74148538,-79.69017785
BVD CARDINAL,BVD,58796,2003,Open,2085 SHANLY RD,CARDINAL,Ontario,Canada,K0E 1E0,,,,,,Open 24 hours,Open 24 hours,Yes,Yes,Yes,,,,,80,,,Yes,Yes,,Yes,,,Staffed,,44.80947,-75.401474
BVD Cochrane,BVD,58301,1016,Open,54 Highway 11 West - Mail Box 238,Cochrane,Ontario,Canada,P0L 1C0,(705) 272-2737,,,,,Open 24 hours,Open 24 hours,Yes,,Yes,Yes,Yes,Yes,,,,,Yes,Yes,Yes,,,,Staffed,,49.05829,-81.03451
BVD Comber,BVD,58156,1019,Open,7018 Industrial Dr,Comber,Ontario,Canada,N0P 1J0,(416) 848-4111,,,,,Open 24 hours,Open 24 hours,Yes,,Yes,Yes,Yes,Yes,Yes,,,,Yes,Yes,Yes,Yes,,,Staffed,Tim Hortons; A&W,42.23884,-82.54973
BVD Cornwall,BVD,58037,1003,Open,6215 Boundary Road,Cornwall,Ontario,Canada,K6H 7P9,(613) 933-1414,,,,,Open 24 hours,Open 24 hours,Yes,,Yes,Yes,Yes,Yes,,,,,Yes,Yes,Yes,Yes,,,Staffed,,45.06076,-74.68609
BVD DRYDEN - 379 GOV,BVD,58778,1027,Open,379 GOVERNMENT ST,DRYDEN,Ontario,Canada,P8N 2P4,(807) 235-7439,,,,,Open 24 hours,Open 24 hours,Yes,,Yes,Yes,Yes,Yes,,55,,Yes,Yes,Yes,Yes,,,,Staffed,,49.78694,-92.83278
BVD GORMLEY,BVD,58779,1007,Open,2210 STOUFFVILLE RD,GORMLEY,Ontario,Canada,L0H 1G0,(780) 924-1604,,,,,Open 24 hours,Open 24 hours,Yes,,,Yes,Yes,Yes,,,,5,Yes,,,,,,Staffed,,43.94216,-79.37972
BVD HEARST,BVD,58780,1021,Open,1565 ON-11 W,HEARST,Ontario,Canada,P0L 1N0,(807) 235-7402,,,,,Open 24 hours,Open 24 hours,Yes,Yes,Yes,Yes,Yes,Yes,,42,,5,Yes,Yes,Yes,,,,Staffed,,49.69088,-83.68605
BVD JOYCEVILLE,BVD,58781,1004,Open,2054 JOYCEVILLE RD,JOYCEVILLE,Ontario,Canada,K7L 4V3,(613) 776-0430,,,,,Open 24 hours,Open 24 hours,Yes,Yes,Yes,Yes,Yes,Yes,,50,,Yes,Yes,Yes,Yes,,,,Staffed,,44.3215,-76.33643
BVD LONDON,BVD,58782,1017,Open,3391 WESTCHESTER BOURNE,LONDON,Ontario,Canada,N6M 1H6,(519) 783-4747,,,,,Open 24 hours,Open 24 hours,Yes,Yes,Yes,Yes,Yes,Yes,,120,,Yes,Yes,Yes,Yes,Yes,,,Staffed,,42.94526,-81.10779
BVD Milton,BVD,58088,1015,Open,3025  James Snow Parkway N,Milton,Ontario,Canada,L9T 2X7,(905) 878-8419,,,,,Open 24 hours,Open 24 hours,Yes,,Yes,Yes,Yes,Yes,,,,,Yes,,,,,,Staffed,,43.53421,-79.91462
BVD Mississauga,BVD,58062,1011,Open,Car entrance- 6070 Dixie Road,Mississauga,Ontario,Canada,L5T 1A6,(416) 848-4111,,,,,Open 24 hours,Open 24 hours,Yes,,Yes,Yes,Yes,Yes,,,,,Yes,Yes,Yes,Yes,,,Staffed,,43.6566,-79.65074
BVD MISSISSAUGA - KENNEDY,BVD,58802,2006,Open,6625 KENNEDY RD,MISSISSAUGA,Ontario,Canada,L5T 2W4,,,,,,Open 24 hours,Open 24 hours,Yes,Yes,Yes,Yes,Yes,Yes,,60,20,10,Yes,Yes,Yes,Yes,,,Staffed,,43.6475,-79.68305556
BVD MISSISSAUGA - SHAWSON,BVD,58803,2005,Open,1553 SHAWSON DR,MISSISSAUGA,Ontario,Canada,L4W 1T7,,,,,,Open 24 hours,Open 24 hours,Yes,Yes,Yes,Yes,Yes,Yes,Yes,70,12,30,Yes,Yes,Yes,Yes,,,Staffed,Country Style,43.6539771,-79.6429823
BVD NEW LISKEARD,BVD,58793,1012,Open,997491 ON-11,NEW LISKEARD,Ontario,Canada,P0J 1P0,(807) 235-7404,,,,,Open 24 hours,Open 24 hours,Yes,Yes,Yes,Yes,Yes,Yes,,27,,44,Yes,Yes,Yes,,,,Staffed,,47.53625,-79.67394
BVD Niagara,BVD,58073,1006,Open,495 York Road,Niagara On The Lake,Ontario,Canada,L0S 1J0,(416) 848-4111,,,,,Open 24 hours,Open 24 hours,Yes,Yes,Yes,Yes,Yes,Yes,,,,,Yes,Yes,,,,,Staffed,,43.16043,-79.16489
BVD NIAGARA - 615 YORK,BVD,58784,1005,Open,615 YORK RD,NIAGARA ON THE LAKE,Ontario,Canada,L0S 1J0,(905) 257-7569,,,,,Open 24 hours,Open 24 hours,Yes,Yes,Yes,Yes,Yes,Yes,,46,,Yes,Yes,Yes,Yes,,,,Staffed,,43.15611,-79.15472
BVD Nipigon,BVD,58078,1024,Open,Highway 11&17,Nipigon,Ontario,Canada,P0T 2J0,(416) 848-4111,,,,,Open 24 hours,Open 24 hours,Yes,,Yes,,,,,,,,Yes,Yes,Yes,,,,Unstaffed,,49.02202,-88.28956
BVD NIPIGON - TC1 453,BVD,58785,1025,Open,453 TRANS-CANADA HWY,NIPIGON,Ontario,Canada,P0T 2J0,(807) 235-7440,,,,,Open 24 hours,Open 24 hours,Yes,,Yes,Yes,Yes,Yes,,15,,Yes,Yes,Yes,Yes,,,,Staffed,,49.01917,-88.30472
BVD NORTH BAY,BVD,58011,1008,Open,280 Pinewood Park Dr,North Bay,Ontario,Canada,P1B 8Z4,(705) 494-8100,,,,,Open 24 hours,Open 24 hours,Yes,,Yes,Yes,Yes,Yes,,,,,Yes,Yes,Yes,Yes,,,Staffed,,46.25744,-79.38529
BVD NORTH BAY ON-11,BVD,58790,1009,Open,3090 ON-11,NORTH BAY,Ontario,Canada,P1B 8G3,(416) 848-4111,,,,,Open 24 hours,Open 24 hours,Yes,,,,,,,,,,,,,,,,Unstaffed,,46.35727,-79.46752
BVD ROSSLYN,BVD,58804,2014,Open,3131 WEST ARTHUR ST,ROSSLYN,Ontario,Canada,P7K 0P2,,,,,,Open 24 hours,Open 24 hours,Yes,Yes,Yes,Yes,Yes,Yes,,40,,Yes,Yes,Yes,,,,,Staffed,,48.3805,-89.411
BVD Sarnia,BVD,58057,1018,Open,81 Ube Drive,Sarnia,Ontario,Canada,N7W 1B6,(416) 848-4111,,,,,Open 24 hours,Open 24 hours,Yes,,Yes,Yes,Yes,Yes,,,,,Yes,Yes,Yes,Yes,,,Staffed,,42.99327,-82.31101
BVD Sault Ste Marie,BVD,58237,1023,Open,937 Great Northern Road,Sault Ste Marie,Ontario,Canada,P6A 5K7,(705) 450-1331,,,,,Open 24 hours,Open 24 hours,Yes,,Yes,Yes,Yes,Yes,,,,,Yes,Yes,Yes,,,,Staffed,,46.55451,-84.3208
BVD SSM - TRUNK RD,BVD,58792,1022,Open,1275 TRUNK RD,SAULT STE MARIE,Ontario,Canada,P6A 6X8,(807) 235-7409,,,,,Open 24 hours,Open 24 hours,Yes,Yes,Yes,Yes,Yes,Yes,,35,,48,Yes,Yes,Yes,,,,Staffed,,46.53111,-84.25139
BVD THUNDER BAY,BVD,58794,1026,Open,1120 ALLOY DR,THUNDER BAY,Ontario,Canada,P7B 5W3,(807) 235-7441,,,,,Open 24 hours,Open 24 hours,Yes,Yes,Yes,Yes,Yes,Yes,,20,,Yes,Yes,Yes,Yes,,,,Staffed,,48.40909,-89.25736
BVD TIMMINS,BVD,58807,2010,Open,2154 RIVERSIDE DR,TIMMINS,Ontario,Canada,P4N 7C3,,,,,,Open 24 hours,Open 24 hours,Yes,Yes,,Yes,Yes,Yes,,55,,Yes,Yes,Yes,,,,,Staffed,Matti's Family Restaurant,48.47303,-81.401289
BVD WAWA,BVD,58808,2012,Temporarily closed,54 PINEWOOD DR,WAWA,Ontario,Canada,P0S 1K0,,,,,,Monday 7:00 AM to 9:00 PM; Tuesday 7:00 AM to 9:00 PM; Wednesday 7:00 AM to 9:00 PM; Thursday 7:00 AM to 9:00 PM; Friday 7:00 AM to 9:00 PM; Saturday 7:00 AM to 9:00 PM; Sunday 7:00 AM to 9:00 PM,Open 24 hours,Yes,,,Yes,Yes,Yes,,70,,Yes,Yes,,,,,,Staffed,,47.964525,-84.792283
BVD WHITE RIVER,BVD,58809,2013,Open,217 ON-17,WHITE RIVER,Ontario,Canada,P0M 3G0,807-822-2441,,,,,Open 24 hours,Open 24 hours,Yes,Yes,,,,,,,,,Yes,Yes,,,Yes,,Staffed,,48.593785,-85.277872
BVD WINDSOR,BVD,58783,1020,Open,4040 COUNTY RD 46,WINDSOR,Ontario,Canada,N0R 1K0,(519) 783-4748,,,,,Open 24 hours,Open 24 hours,Yes,,Yes,Yes,Yes,Yes,,85,,Yes,Yes,Yes,Yes,Yes,,,Staffed,,42.245,-82.95167
BVD ESTEVAN,BVD,56412,1034,Coming soon,123 4 St,Estevan,Saskatchewan,Canada,S4A 0T3,,,,,,Open 24 hours,Open 24 hours,Yes,,Yes,,,,,,,,Yes,,,,,,Unstaffed,,49.13284,-102.97367
BVD Grenfell,BVD,54054,1033,Open,#1100 Hwy #1 & Desmond Street - P.O. Box 146,Grenfell,Saskatchewan,Canada,S0G 2B0,(306) 697-2655,,,,,Open 24 hours,Open 24 hours,Yes,,Yes,Yes,Yes,Yes,,,,,Yes,Yes,Yes,,,,Staffed,,50.40556,-102.93017
BVD REGINA,BVD,56413,1035,Open,1755 PRINCE OF WALES DR,REGINA,Saskatchewan,Canada,S4Z 1A5,(306) 500-2438,,,,,Monday 6:00 AM to 11:00 PM; Tuesday 6:00 AM to 11:00 PM; Wednesday 6:00 AM to 11:00 PM; Thursday 6:00 AM to 11:00 PM; Friday 6:00 AM to 11:00 PM; Saturday 6:00 AM to 11:00 PM; Sunday 6:00 AM to 11:00 PM,Open 24 hours,Yes,,Yes,Yes,Yes,Yes,,60,,Yes,Yes,Yes,Yes,Yes,,,Staffed,,50.44944,-104.53167
BVD Regina - 210 McDonald,BVD,56417,2048,Coming soon,210 McDonald Street North,Regina,Saskatchewan,Canada,S4N 5W4,,,,,,Open 24 hours,Open 24 hours,Yes,Yes,Yes,Yes,,,,,,7,,,,,,,Unstaffed,,50.47859,-104.57581
BVD SASKATOON,BVD,56414,1036,Open,315 MARQUIS DR,SASKATOON,Saskatchewan,Canada,S7R 1B6,(306) 500-2439,,,,,Open 24 hours,Open 24 hours,Yes,,Yes,Yes,Yes,Yes,,95,,Yes,Yes,Yes,Yes,Yes,,,Staffed,,52.19306,-106.68583
BVD SASKATOON - GRASSWOOD,BVD,56418,2021,Temporarily closed,"HIGHWAY 11 SOUTH &, GRASWOOD RD",SASKATOON,Saskatchewan,Canada,S7K 4E3,,,,,,Monday 6:00 AM to 11:59 PM; Tuesday 6:00 AM to 11:59 PM; Wednesday 6:00 AM to 11:59 PM; Thursday 6:00 AM to 11:59 PM; Friday 6:00 AM to 11:59 PM; Saturday 6:00 AM to 11:59 PM; Sunday 6:00 AM to 11:59 PM,Open 24 hours,Yes,,,Yes,Yes,Yes,,30,,30,Yes,,,,,,Staffed,Smitty's Family Restaurant,52.055972,-106.600546
BVD SWIFT CURRENT,BVD,56415,1037,Open,1510 SOUTH SERVICE RD W,SWIFT CURRENT,Saskatchewan,Canada,S9H 3T1,(306) 500-5796,,,,,Open 24 hours,Open 24 hours,Yes,,Yes,Yes,Yes,Yes,,92,,Yes,Yes,Yes,,,,,Staffed,,50.2863,-107.8222
